,employee_id,name,position,department,company_id
0,48042062-3de3-4768-88c6-32f1a58aea89,Noah Williams MD,Corporate Factors Agent,Computers,0c6ffffa-4a5a-4ebe-ad23-9d66ec703da4
1,ce662e81-e93a-4b28-ad2d-93dc3b1ebd2b,Leslie Harmon,Customer Solutions Supervisor,Shoes,0c6ffffa-4a5a-4ebe-ad23-9d66ec703da4
2,c2d0b427-5294-474e-aa4b-fb846352b8b1,Martin Harris,Future Infrastructure Specialist,Health,0c6ffffa-4a5a-4ebe-ad23-9d66ec703da4
3,a23a4c7f-86f7-4ffb-89e3-3f6fab72b26c,Joseph Phillips,Human Tactics Designer,Outdoors,0c6ffffa-4a5a-4ebe-ad23-9d66ec703da4
4,6d969266-9dfb-4a3d-b7d6-1f67470ded64,Sean Johnson,Forward Functionality Liaison,Garden,0c6ffffa-4a5a-4ebe-ad23-9d66ec703da4
5,b47bac70-9a91-4597-aa2d-0366f0686fe6,Cynthia Ibarra,National Interactions Developer,Beauty,0a14ce3b-9e13-4f34-888d-9861df07b561
6,d4611ca6-4d5c-4d48-9e69-0dcb14febf28,Anthony Bullock,Direct Data Developer,Beauty,322555eb-3dd3-49d8-99ff-dc495bb375c7
7,891167bf-5a21-40f9-8bdd-fe861d9981d1,Stacey Clark,Future Operations Liaison,Jewelery,322555eb-3dd3-49d8-99ff-dc495bb375c7
8,a81f0d34-398b-4505-8b0d-beb87144f985,Mary Williams,Product Optimization Analyst,Home,322555eb-3dd3-49d8-99ff-dc495bb375c7
9,cd6f26af-610d-4f82-b390-4258292e84eb,Sheila Garcia,Corporate Creative Assistant,Toys,322555eb-3dd3-49d8-99ff-dc495bb375c7
10,d6e68de3-1f34-4a07-bf73-bdc0cbfccedf,Bryan Lindsey,Legacy Applications Facilitator,Electronics,322555eb-3dd3-49d8-99ff-dc495bb375c7
11,8fca1b87-ad14-48d2-afba-7533717c60fd,Jacob Thornton,Corporate Usability Developer,Health,322555eb-3dd3-49d8-99ff-dc495bb375c7
12,914bf7c2-326a-4d73-a12e-0320f8a7cb33,Mr. Robert Braun,Global Intranet Orchestrator,Electronics,322555eb-3dd3-49d8-99ff-dc495bb375c7
13,c4dd3db6-1f21-4e84-880f-eba01a9ab770,Michael White,Dynamic Functionality Officer,Shoes,322555eb-3dd3-49d8-99ff-dc495bb375c7
14,ce23a89e-5288-438c-a95e-ce1fd24fe055,Tammy Herman,Internal Intranet Technician,Tools,322555eb-3dd3-49d8-99ff-dc495bb375c7
15,7d43caad-9bf9-4376-91ca-cf4b9583f6fd,Abigail Powers,Corporate Group Representative,Home,322555eb-3dd3-49d8-99ff-dc495bb375c7
16,711d63e4-a892-4ff7-bfda-68db295d11b1,Whitney Anthony,District Assurance Designer,Jewelery,db978759-f022-406a-b1c2-dd5f68df5195
17,cc4aed05-8baa-4190-87db-bc337e0c94a8,Margaret Caldwell,Investor Infrastructure Strategist,Tools,db978759-f022-406a-b1c2-dd5f68df5195
18,7c083682-e644-407d-a6df-3591b20ce160,Tara Lopez,Dynamic Brand Producer,Industrial,db978759-f022-406a-b1c2-dd5f68df5195
19,f1479e4c-ddd9-4025-b5b3-3a0e9866f323,Dr. Marcus Brown,Principal Quality Liaison,Movies,db978759-f022-406a-b1c2-dd5f68df5195
20,51d85fa8-52db-42cd-9325-71e495a9e85c,Matthew Hopkins,Central Infrastructure Agent,Beauty,db978759-f022-406a-b1c2-dd5f68df5195
21,eeee1b26-a8cf-443f-9f64-db139fdba54e,Paula Harris,Investor Paradigm Assistant,Toys,db978759-f022-406a-b1c2-dd5f68df5195
22,47f6bae2-65c5-4099-a491-f7b33fa76ce9,Caroline Newton,Legacy Security Representative,Music,db978759-f022-406a-b1c2-dd5f68df5195
23,8681de79-6826-4c75-a9a2-cb87b3ed1083,Brian Gardner,Corporate Paradigm Developer,Movies,db978759-f022-406a-b1c2-dd5f68df5195
24,d44e98fb-0cb9-4bcc-afc5-ddfd51bc6411,Jamie Hill,Central Creative Consultant,Music,826f3ad7-aa2d-46fc-bd74-0793b587edf0
25,18690567-959f-4fbe-87d2-704bf001cdb9,Matthew Robinson,District Integration Consultant,Clothing,826f3ad7-aa2d-46fc-bd74-0793b587edf0
26,5f769ef2-e5b5-466a-98b5-af139217a7fc,Corey Lopez,Chief Operations Agent,Electronics,826f3ad7-aa2d-46fc-bd74-0793b587edf0
27,29a3158a-a864-43e0-91cc-39b805985915,Jimmy Juarez,Corporate Group Executive,Shoes,826f3ad7-aa2d-46fc-bd74-0793b587edf0
28,6743c693-38b8-486c-aa8b-15457861810b,Scott Gomez,Senior Factors Architect,Games,826f3ad7-aa2d-46fc-bd74-0793b587edf0
29,8a320f25-9e37-42cd-812c-3165bed0d774,Robert White,Forward Markets Associate,Beauty,826f3ad7-aa2d-46fc-bd74-0793b587edf0
30,16156eb6-6772-41ed-9901-bdb4a3612ead,Pamela Foley,Lead Functionality Liaison,Jewelery,826f3ad7-aa2d-46fc-bd74-0793b587edf0
31,c613e3d5-59df-431f-a84c-0b5bac382792,Michael Bennett,Corporate Mobility Engineer,Automotive,826f3ad7-aa2d-46fc-bd74-0793b587edf0
32,fc17f13f-16d9-41ee-a53c-be4d11f24748,Mark Garner,Regional Program Technician,Grocery,826f3ad7-aa2d-46fc-bd74-0793b587edf0
33,e9771af2-5ab5-4fd9-ae88-8f277a818c55,Aimee Garcia,Principal Response Director,Books,826f3ad7-aa2d-46fc-bd74-0793b587edf0
34,9b8fea9c-3036-4ec3-a0d0-4f6f548ebae6,Vincent Murphy,Forward Optimization Associate,Clothing,70c400c0-b04b-49ce-9802-063f338fedff
35,ee27a05c-1b87-4347-8ae3-751b0a13ac00,Connie Matthews DVM,National Factors Producer,Clothing,70c400c0-b04b-49ce-9802-063f338fedff
36,90d446a0-7376-4e56-9761-6b33edb88d9d,Christopher Rogers,Regional Operations Technician,Home,70c400c0-b04b-49ce-9802-063f338fedff
37,52f25ebd-6dbc-4112-b683-b607ecc1b020,Andrea Mcbride,Global Integration Facilitator,Baby,70c400c0-b04b-49ce-9802-063f338fedff
38,d4785b3b-5d45-41f9-8de1-62e2c87e4aa8,Kenneth Hartman,Principal Factors Orchestrator,Jewelery,70c400c0-b04b-49ce-9802-063f338fedff
39,1c132536-6f18-4beb-b3f4-66d994a253cf,Derrick Evans,Senior Program Consultant,Toys,675f95c9-73d5-4afd-8832-eb45f1a6adab
40,b4e4167f-fac7-47a9-b6ed-a818d70fec3e,Erin Pearson,,Automotive,675f95c9-73d5-4afd-8832-eb45f1a6adab
41,010b5879-316d-4225-a0d1-ec092c820ba0,Kevin Burns,National Assurance Orchestrator,,675f95c9-73d5-4afd-8832-eb45f1a6adab
42,c6d6042a-8f57-4f09-88a2-e4fce009cffc,Andrew Hicks,International Implementation Administrator,Music,675f95c9-73d5-4afd-8832-eb45f1a6adab
